correlation_id,scenario_id,sla_index,start_ts_ms,end_ts_ms,end_to_end_latency_ms,success,http_code,decision_type,error
C2.3-6-e839b7e8,C2.3,6,1766781397479,1766781398676,1197,True,200,RENEG,
C2.3-10-fb377e6f,C2.3,10,1766781397487,1766781398706,1219,True,200,RENEG,
C2.3-5-a6d80fdd,C2.3,5,1766781397480,1766781398710,1230,True,200,RENEG,
C2.3-8-234f2045,C2.3,8,1766781397483,1766781398711,1228,True,200,RENEG,
C2.3-4-deadecdb,C2.3,4,1766781397478,1766781398712,1234,True,200,RENEG,
C2.3-7-236e307a,C2.3,7,1766781397482,1766781398710,1228,True,200,RENEG,
C2.3-1-17a773ba,C2.3,1,1766781397473,1766781398711,1238,True,200,RENEG,
C2.3-9-73b53e06,C2.3,9,1766781397484,1766781398713,1229,True,200,RENEG,
C2.3-2-e949e47f,C2.3,2,1766781397475,1766781398713,1238,True,200,RENEG,
C2.3-3-82d9fed1,C2.3,3,1766781397476,1766781398715,1239,True,200,RENEG,
